title,hID
I Am Angus,301
Top 20 Most Shocking,539
Shock Treatment,747
Movie Loft,772
Next Day Air,301
Atomic Hotel Erotica,517
The Insider,633
Paid Programming,767
North Woods Law,485
The Killer Speaks,786
Criminal Minds,502
Philosophy: Beauty,676
Hulk,355
Pocono Landscape Challenge,480
Dirty Dancing,98
Family Feud,539
TV13 News - Night Report,286
Devils Due,786
Air Force News,691
Camp Lakebottom,61
Pop Hits,1688
A Different Loyalty,1474
Grimm,210
The Rundown With José Díaz-Balart,28
Janes Journey,1767
Worlds Wildest Police Videos,603
Buckmasters Classics,328
Your Health with Dr. Richard,715
Future Cat,725
Squawk Alley,1767
American Wedding,681
U.S. Bounty Hunters,502
Zoey 101,382
Sunday in New York,160
Further Adventures-Wilderness,763
The Brothers Grimm,621
Scooby-Doo Where Are You!,895
Crash,687
Flipping Boston,356
Along Came Polly,210
Celebrity Name Game,603
The Bible,763
Center Court,458
Animal Atlas,663
The Man With the 200lb Tumor,238
Community,330
Wake Up With Al,725
Untold Stories of the E.R.,28
International Fellowship,310
Health Images,513
Digimon Fusion,663
American Pickers,603
Parks and Recreation,627
Eyewitness News Daybreak at 6am,687
24 Ladders in One- New Little Giant,290
Chowder,210
Whats New Scooby-Doo?,458
Live! With Kelly and Michael,663
Man v. Food,177
At Home with Dan,363
21 DAY FIX,295
Closing Bell,241
The Fast and the Furious: Tokyo Drift,237
